<?xml version="1.0" encoding="UTF-8" standalone="yes"?>
<addons>
<addon
	id="plugin.video.arenavisionezy"
	name="AvEZY"
	version="1.4.0"
	provider-name="Wazzu">
	<requires>
		<import addon="xbmc.python" version="2.1.0"/>
		<import addon="program.plexus" />
	</requires>
	<extension point="xbmc.python.pluginsource" library="addon.py">
		<provides>video</provides>
	</extension>
	<extension point="xbmc.addon.metadata">
		<summary>AvEZY</summary>
		<description>Interfaz para ArenaVision desarrollado por Wazzu</description>
		<platform>all</platform>
		<license/>
		<forum/>
		<website/>
		<email>egrueda@gmail.com</email>
		<source/>
	</extension>
	<extension point="xbmc.addon.repository" name="AvEZY">
		<info compressed="false">https://repo.avezy.tk/addons.xml</info>
		<checksum>https://repo.avezy.tk/addons.xml.md5</checksum>
		<datadir zip="true">https://repo.avezy.tk/zip/</datadir>
	</extension>
</addon>
</addons>
