<?xml version="1.0" encoding="UTF-8" standalone="yes"?>
<addon
	id="plugin.video.avezy"
	name="AvEZY"
	version="1.2.2"
	provider-name="Wazzu">
	<requires>
		<import addon="xbmc.python" version="2.1.0"/>
		<import addon="program.plexus" />
	</requires>
	<extension point="xbmc.python.pluginsource" library="addon.py">
		<provides>video</provides>
	</extension>
	<extension point="xbmc.addon.metadata">
		<summary>AvEZY</summary>
		<description>Interfaz para ArenaVision desarrollado por Wazzu</description>
		<platform>all</platform>
		<license/>
		<forum/>
		<website/>
		<email>egrueda@gmail.com</email>
		<disclaimer>El autor no aloja ni distribuye cualquier contenido que ud. pudiera reproducir usando este addon. El autor no tiene participacion en el desarrollo de cualquier tecnologia incluida.</disclaimer>
		<source/>
	</extension>
	<extension point="xbmc.addon.repository" name="AvEZY">
		<info compressed="false">http://repo.avezy.tk/addons.xml</info>
		<checksum>http://repo.avezy.tk/addons.xml.md5</checksum>
		<datadir zip="true">http://repo.avezy.tk/zip/</datadir>
	</extension>
</addon>
